{"timestamps": [0.8103415966033936, 1.8103415966033936, 2.8103415966033936, 3.8103415966033936, 4.8103415966033936, 5.8103415966033936, 6.8103415966033936, 7.8103415966033936, 8.810341596603394, 9.810341596603394, 10.810341596603394, 11.810341596603394, 12.810341596603394, 13.810341596603394, 14.810341596603394, 15.810341596603394, 16.810341596603394, 17.810341596603394, 18.810341596603394, 19.810341596603394, 20.810341596603394, 21.810341596603394, 22.810341596603394, 23.810341596603394, 24.810341596603394, 25.810341596603394, 26.810341596603394, 27.810341596603394, 28.810341596603394, 29.810341596603394, 30.810341596603394, 31.810341596603394, 32.810341596603394, 33.810341596603394, 34.810341596603394, 35.810341596603394, 36.810341596603394, 37.810341596603394, 38.810341596603394, 39.810341596603394, 40.810341596603394, 41.810341596603394, 42.810341596603394, 43.810341596603394, 44.810341596603394, 45.810341596603394, 46.810341596603394, 47.810341596603394, 48.810341596603394, 49.810341596603394, 50.810341596603394, 51.810341596603394, 52.810341596603394, 53.810341596603394, 54.810341596603394, 55.810341596603394, 56.810341596603394, 57.810341596603394, 58.810341596603394, 59.810341596603394, 60.810341596603394, 61.810341596603394, 62.810341596603394, 63.810341596603394, 64.8103415966034, 65.8103415966034, 66.8103415966034, 67.8103415966034, 68.8103415966034, 69.8103415966034, 70.8103415966034, 71.8103415966034, 72.8103415966034, 73.8103415966034, 74.8103415966034, 75.8103415966034, 76.8103415966034, 77.8103415966034, 78.8103415966034, 79.8103415966034, 80.8103415966034, 81.8103415966034, 82.8103415966034, 83.8103415966034, 84.8103415966034, 85.8103415966034, 86.8103415966034, 87.8103415966034, 88.8103415966034, 89.8103415966034, 90.8103415966034, 91.8103415966034, 92.8103415966034, 93.8103415966034, 94.8103415966034, 95.8103415966034, 96.8103415966034, 97.8103415966034, 98.8103415966034, 99.8103415966034, 100.8103415966034, 101.8103415966034, 102.8103415966034, 103.8103415966034, 104.8103415966034, 105.8103415966034, 106.8103415966034, 107.8103415966034, 108.8103415966034, 109.8103415966034, 110.8103415966034, 111.8103415966034, 112.8103415966034, 113.8103415966034, 114.8103415966034, 115.8103415966034, 116.8103415966034], "ins_needed": [1, 1, 1, 1, 1, 1, 1, 1, 1, 1, 1, 1, 1, 1, 1, 1, 1, 1, 1, 1, 1, 1, 1, 1, 1, 1, 1, 1, 1, 1, 1, 1, 1, 1, 1, 1, 1, 1, 1, 1, 1, 1, 1, 1, 1, 1, 1, 1, 1, 1, 1, 1, 1, 1, 1, 1, 1, 1, 1, 1, 1, 1, 1, 1, 1, 1, 1, 1, 1, 1, 1, 1, 1, 1, 1, 1, 1, 1, 1, 1, 1, 1, 1, 1, 1, 1, 1, 1, 1, 1, 1, 2, 2, 2, 2, 2, 2, 2, 2, 2, 2, 2, 2, 2, 2, 2, 2, 2, 2, 2, 2, 2, 1, 1, 1, 1, 1], "min_instance": 1}